[
    {
        "id": "famotidine",
        "type": "otc",
        "name_kr": "파모티딘",
        "symptoms": "속쓰림, 위산 과다, 위가 아픔",
        "explanation": "파모티딘은 위산을 억제하여 속쓰림이나 위산 과다에 효과가 있습니다. 하루 한 번, 자기 전에 복용하는 것이 일반적입니다."
    },
    {
        "id": "somnifacient",
        "type": "otc",
        "name_kr": "자멘쏙",
        "symptoms": "잠이 안 옴, 불면증",
        "explanation": "수면유도제는 일시적인 불면 증상을 완화하는 데 도움을 줍니다. 잠들기 30분 전에 한 알을 복용하시고, 복용 후에는 운전과 같은 기계 조작을 피해야 합니다."
    },
    {
        "id": "allergy",
        "type": "otc",
        "name_kr": "아루진",
        "symptoms": "가려움, 알러지성 콧물, 재채기",
        "explanation": "알러지약은 재채기, 콧물, 가려움증 같은 알러지 반응을 완화합니다. 하루 한 번 복용하며, 졸음이 올 수 있으니 주의가 필요합니다."
    },
    {
        "id": "penzal",
        "type": "prescription",
        "name_kr": "펜잘",
        "symptoms": "두통, 치통 등 통증 완화",
        "explanation": "펜잘은 하얀색 소염진통제로, 두통, 치통 등 통증 완화에 효과적입니다. 필요시 4-6시간 간격으로 한 알씩 복용하세요."
    },
    {
        "id": "sky",
        "type": "prescription",
        "name_kr": "스카이정",
        "symptoms": "소화 불량, 복부 팽만감",
        "explanation": "스카이정은 하늘색 위장 운동 조절제로, 소화 불량이나 복부 팽만감에 사용됩니다. 식사 30분 전에 복용하는 것이 좋습니다."
    },
    {
        "id": "tg",
        "type": "prescription",
        "name_kr": "티지피파모티딘정",
        "symptoms": "혈중 중성지방 수치 조절",
        "explanation": "티지피파모티딘정은 초록색 약이며, 혈중 중성지방 수치를 조절하는 데 도움을 줍니다. 의사의 지시에 따라 꾸준히 복용하는 것이 중요합니다."
    },
    {
        "id": "zaide",
        "type": "prescription",
        "name_kr": "자이드캡슐",
        "symptoms": "혈압 조절",
        "explanation": "자이드캡슐은 노란색 캡슐 형태의 혈압 조절 약입니다. 매일 정해진 시간에 복용하고, 임의로 중단하지 마세요."
    }
]